Src IP,Dst IP,Src Port,Dst Port,Protocol,Start Time,End Time,Total Packets,Total Bytes,Fwd Packets,Bwd Packets,Fwd Bytes,Bwd Bytes,Packet Sizes,Interarrival Times,Last Packet Time,MAC Src,MAC Dst,Flow Duration,Avg Packet Size,Std Packet Size,Flow IAT Mean,Flow IAT Std,Flow IAT Max,Flow IAT Min,Packet Rate,Byte Rate
192.168.1.107,172.217.8.170,52636,443,6,1619258648.607213,1619258738.739066,6,396,3,3,198,198,"[66, 66, 66, 66, 66, 66]","[0.0, 0.020225, 45.035841, 0.019863, 45.036061, 0.019863]",1619258738.739066,a4:bb:6d:00:2e:99,d8:58:d7:01:0e:53,90.131853,66.0,0.0,15.021975499999998,21.22308678289425,45.036061,0.0,0.06656914065663334359718533691,4.393563283337800677414232236
